{"v":"5.1.16","fr":30,"ip":0,"op":61,"w":800,"h":800,"nm":"Loading Dots 1","ddd":0,"assets":[],"layers":[{"ddd":0,"ind":1,"ty":4,"nm":"Shape Layer 5","sr":1,"ks":{"o":{"a":0,"k":100,"ix":11},"r":{"a":0,"k":0,"ix":10},"p":{"a":1,"k":[{"i":{"x":0.58,"y":1},"o":{"x":0.42,"y":0},"n":"0p58_1_0p42_0","t":14.4,"s":[503.5,400,0],"e":[606,400,0],"to":[17.0833339691162,0,0],"ti":[-17.0833339691162,0,0]},{"i":{"x":0.58,"y":0.58},"o":{"x":0.42,"y":0.42},"n":"0p58_0p58_0p42_0p42","t":18,"s":[606,400,0],"e":[606,400,0],"to":[0,0,0],"ti":[0,0,0]},{"i":{"x":0.58,"y":1},"o":{"x":0.42,"y":0},"n":"0p58_1_0p42_0","t":33.6,"s":[606,400,0],"e":[840,400,0],"to":[39,0,0],"ti":[-39,0,0]},{"t":37.1998046875}],"ix":2},"a":{"a":0,"k":[-274,-6,0],"ix":1},"s":{"a":0,"k":[100,100,100],"ix":6}},"ao":0,"shapes":[{"ty":"gr","it":[{"d":1,"ty":"el","s":{"a":0,"k":[38,38],"ix":2},"p":{"a":0,"k":[0,0],"ix":3},"nm":"Ellipse Path 1","mn":"ADBE Vector Shape - Ellipse","hd":false},{"ty":"fl","c":{"a":0,"k":[0,0,0,1],"ix":4},"o":{"a":0,"k":100,"ix":5},"r":1,"nm":"Fill 1","mn":"ADBE Vector Graphic - Fill","hd":false},{"ty":"tr","p":{"a":0,"k":[-274,-6],"ix":2},"a":{"a":0,"k":[0,0],"ix":1},"s":{"a":0,"k":[100,100],"ix":3},"r":{"a":0,"k":0,"ix":6},"o":{"a":0,"k":100,"ix":7},"sk":{"a":0,"k":0,"ix":4},"sa":{"a":0,"k":0,"ix":5},"nm":"Transform"}],"nm":"Ellipse 1","np":3,"cix":2,"ix":1,"mn":"ADBE Vector Group","hd":false}],"ip":14.4,"op":61.2,"st":14.4,"bm":0},{"ddd":0,"ind":2,"ty":4,"nm":"Shape Layer 4","sr":1,"ks":{"o":{"a":0,"k":100,"ix":11},"r":{"a":0,"k":0,"ix":10},"p":{"a":1,"k":[{"i":{"x":0.58,"y":1},"o":{"x":0.42,"y":0},"n":"0p58_1_0p42_0","t":10.8,"s":[400,400,0],"e":[503.5,400,0],"to":[17.25,0,0],"ti":[-17.25,0,0]},{"i":{"x":0.58,"y":0.58},"o":{"x":0.42,"y":0.42},"n":"0p58_0p58_0p42_0p42","t":14.4,"s":[503.5,400,0],"e":[503.5,400,0],"to":[0,0,0],"ti":[0,0,0]},{"i":{"x":0.58,"y":1},"o":{"x":0.42,"y":0},"n":"0p58_1_0p42_0","t":37.2,"s":[503.5,400,0],"e":[840,400,0],"to":[56.0833320617676,0,0],"ti":[-56.0833320617676,0,0]},{"t":40.8}],"ix":2},"a":{"a":0,"k":[-274,-6,0],"ix":1},"s":{"a":0,"k":[100,100,100],"ix":6}},"ao":0,"shapes":[{"ty":"gr","it":[{"d":1,"ty":"el","s":{"a":0,"k":[38,38],"ix":2},"p":{"a":0,"k":[0,0],"ix":3},"nm":"Ellipse Path 1","mn":"ADBE Vector Shape - Ellipse","hd":false},{"ty":"fl","c":{"a":0,"k":[0,0,0,1],"ix":4},"o":{"a":0,"k":100,"ix":5},"r":1,"nm":"Fill 1","mn":"ADBE Vector Graphic - Fill","hd":false},{"ty":"tr","p":{"a":0,"k":[-274,-6],"ix":2},"a":{"a":0,"k":[0,0],"ix":1},"s":{"a":0,"k":[100,100],"ix":3},"r":{"a":0,"k":0,"ix":6},"o":{"a":0,"k":100,"ix":7},"sk":{"a":0,"k":0,"ix":4},"sa":{"a":0,"k":0,"ix":5},"nm":"Transform"}],"nm":"Ellipse 1","np":3,"cix":2,"ix":1,"mn":"ADBE Vector Group","hd":false}],"ip":10.8,"op":61.2,"st":10.8,"bm":0},{"ddd":0,"ind":3,"ty":4,"nm":"Shape Layer 3","sr":1,"ks":{"o":{"a":0,"k":100,"ix":11},"r":{"a":0,"k":0,"ix":10},"p":{"a":1,"k":[{"i":{"x":0.58,"y":1},"o":{"x":0.42,"y":0},"n":"0p58_1_0p42_0","t":7.2,"s":[298.5,400,0],"e":[400,400,0],"to":[16.9166660308838,0,0],"ti":[-16.9166660308838,0,0]},{"i":{"x":0.58,"y":0.58},"o":{"x":0.42,"y":0.42},"n":"0p58_0p58_0p42_0p42","t":10.8,"s":[400,400,0],"e":[400,400,0],"to":[0,0,0],"ti":[0,0,0]},{"i":{"x":0.58,"y":1},"o":{"x":0.42,"y":0},"n":"0p58_1_0p42_0","t":40.8,"s":[400,400,0],"e":[840,400,0],"to":[73.3333358764648,0,0],"ti":[-73.3333358764648,0,0]},{"t":44.4001953125}],"ix":2},"a":{"a":0,"k":[-274,-6,0],"ix":1},"s":{"a":0,"k":[100,100,100],"ix":6}},"ao":0,"shapes":[{"ty":"gr","it":[{"d":1,"ty":"el","s":{"a":0,"k":[38,38],"ix":2},"p":{"a":0,"k":[0,0],"ix":3},"nm":"Ellipse Path 1","mn":"ADBE Vector Shape - Ellipse","hd":false},{"ty":"fl","c":{"a":0,"k":[0,0,0,1],"ix":4},"o":{"a":0,"k":100,"ix":5},"r":1,"nm":"Fill 1","mn":"ADBE Vector Graphic - Fill","hd":false},{"ty":"tr","p":{"a":0,"k":[-274,-6],"ix":2},"a":{"a":0,"k":[0,0],"ix":1},"s":{"a":0,"k":[100,100],"ix":3},"r":{"a":0,"k":0,"ix":6},"o":{"a":0,"k":100,"ix":7},"sk":{"a":0,"k":0,"ix":4},"sa":{"a":0,"k":0,"ix":5},"nm":"Transform"}],"nm":"Ellipse 1","np":3,"cix":2,"ix":1,"mn":"ADBE Vector Group","hd":false}],"ip":7.2,"op":61.2,"st":7.2,"bm":0},{"ddd":0,"ind":4,"ty":4,"nm":"Shape Layer 2","sr":1,"ks":{"o":{"a":0,"k":100,"ix":11},"r":{"a":0,"k":0,"ix":10},"p":{"a":1,"k":[{"i":{"x":0.58,"y":1},"o":{"x":0.42,"y":0},"n":"0p58_1_0p42_0","t":3.601,"s":[196,400,0],"e":[298.5,400,0],"to":[17.0833339691162,0,0],"ti":[-17.0833339691162,0,0]},{"i":{"x":0.58,"y":0.58},"o":{"x":0.42,"y":0.42},"n":"0p58_0p58_0p42_0p42","t":7.2,"s":[298.5,400,0],"e":[298.5,400,0],"to":[0,0,0],"ti":[0,0,0]},{"i":{"x":0.58,"y":1},"o":{"x":0.42,"y":0},"n":"0p58_1_0p42_0","t":44.401,"s":[298.5,400,0],"e":[840,400,0],"to":[90.25,0,0],"ti":[-90.25,0,0]},{"t":48.0001953125}],"ix":2},"a":{"a":0,"k":[-274,-6,0],"ix":1},"s":{"a":0,"k":[100,100,100],"ix":6}},"ao":0,"shapes":[{"ty":"gr","it":[{"d":1,"ty":"el","s":{"a":0,"k":[38,38],"ix":2},"p":{"a":0,"k":[0,0],"ix":3},"nm":"Ellipse Path 1","mn":"ADBE Vector Shape - Ellipse","hd":false},{"ty":"fl","c":{"a":0,"k":[0,0,0,1],"ix":4},"o":{"a":0,"k":100,"ix":5},"r":1,"nm":"Fill 1","mn":"ADBE Vector Graphic - Fill","hd":false},{"ty":"tr","p":{"a":0,"k":[-274,-6],"ix":2},"a":{"a":0,"k":[0,0],"ix":1},"s":{"a":0,"k":[100,100],"ix":3},"r":{"a":0,"k":0,"ix":6},"o":{"a":0,"k":100,"ix":7},"sk":{"a":0,"k":0,"ix":4},"sa":{"a":0,"k":0,"ix":5},"nm":"Transform"}],"nm":"Ellipse 1","np":3,"cix":2,"ix":1,"mn":"ADBE Vector Group","hd":false}],"ip":3.6,"op":61.2,"st":2.8,"bm":0},{"ddd":0,"ind":5,"ty":4,"nm":"Shape Layer 1","sr":1,"ks":{"o":{"a":0,"k":100,"ix":11},"r":{"a":0,"k":0,"ix":10},"p":{"a":1,"k":[{"i":{"x":0.58,"y":1},"o":{"x":0.42,"y":0},"n":"0p58_1_0p42_0","t":0,"s":[-50,400,0],"e":[196,400,0],"to":[41,0,0],"ti":[-41,0,0]},{"i":{"x":0.58,"y":0.58},"o":{"x":0.42,"y":0.42},"n":"0p58_0p58_0p42_0p42","t":3.6,"s":[196,400,0],"e":[196,400,0],"to":[0,0,0],"ti":[0,0,0]},{"i":{"x":0.58,"y":1},"o":{"x":0.42,"y":0},"n":"0p58_1_0p42_0","t":48,"s":[196,400,0],"e":[840,400,0],"to":[107.333335876465,0,0],"ti":[-107.333335876465,0,0]},{"t":51.599609375}],"ix":2},"a":{"a":0,"k":[-274,-6,0],"ix":1},"s":{"a":0,"k":[100,100,100],"ix":6}},"ao":0,"shapes":[{"ty":"gr","it":[{"d":1,"ty":"el","s":{"a":0,"k":[38,38],"ix":2},"p":{"a":0,"k":[0,0],"ix":3},"nm":"Ellipse Path 1","mn":"ADBE Vector Shape - Ellipse","hd":false},{"ty":"fl","c":{"a":0,"k":[0,0,0,1],"ix":4},"o":{"a":0,"k":100,"ix":5},"r":1,"nm":"Fill 1","mn":"ADBE Vector Graphic - Fill","hd":false},{"ty":"tr","p":{"a":0,"k":[-274,-6],"ix":2},"a":{"a":0,"k":[0,0],"ix":1},"s":{"a":0,"k":[100,100],"ix":3},"r":{"a":0,"k":0,"ix":6},"o":{"a":0,"k":100,"ix":7},"sk":{"a":0,"k":0,"ix":4},"sa":{"a":0,"k":0,"ix":5},"nm":"Transform"}],"nm":"Ellipse 1","np":3,"cix":2,"ix":1,"mn":"ADBE Vector Group","hd":false}],"ip":0,"op":61.2,"st":0,"bm":0}],"markers":[]}